{
  "detailed_results": {
    "uuid_generation": {
      "iterations": 10000,
      "total_ms": 20.56550000270363,
      "per_call_ms": 0.002056550000270363,
      "calls_per_second": 486251.24595489324
    },
    "json_serialization": {
      "iterations": 10000,
      "total_ms": 57.860899993102066,
      "per_call_ms": 0.005786089999310207,
      "calls_per_second": 172828.2830234607
    },
    "context_var_access": {
      "iterations": 10000,
      "total_ms": 1.0339000000385568,
      "per_call_ms": 0.00010339000000385568,
      "calls_per_second": 9672115.291253578
    },
    "context_switch": {
      "iterations": 10000,
      "total_ms": 43.42279999400489,
      "per_call_ms": 0.004342279999400489,
      "calls_per_second": 230293.7627555256
    },
    "span_creation": {
      "iterations": 1000,
      "total_ms": 304.84850000357255,
      "per_call_ms": 0.30484850000357255,
      "calls_per_second": 3280.3179283751792
    },
    "parallel_spans": {
      "threads": 4,
      "iterations_per_thread": 1000,
      "total_iterations": 4000,
      "avg_per_call_ms": 1.2750140750504215,
      "min_ms": 0.072900002123788,
      "max_ms": 55.40509999264032
    }
  },
  "summary": {
    "total_duration_ms": 1835.3602886199951,
    "metrics": {
      "uuid_generation": {
        "count": 1,
        "mean": 0.002056550000270363,
        "p50": 0.002056550000270363,
        "p90": 0.002056550000270363,
        "p99": 0.002056550000270363,
        "min": 0.002056550000270363,
        "max": 0.002056550000270363
      },
      "json_serialization": {
        "count": 1,
        "mean": 0.005786089999310207,
        "p50": 0.005786089999310207,
        "p90": 0.005786089999310207,
        "p99": 0.005786089999310207,
        "min": 0.005786089999310207,
        "max": 0.005786089999310207
      },
      "context_var_access": {
        "count": 1,
        "mean": 0.00010339000000385568,
        "p50": 0.00010339000000385568,
        "p90": 0.00010339000000385568,
        "p99": 0.00010339000000385568,
        "min": 0.00010339000000385568,
        "max": 0.00010339000000385568
      },
      "context_switch": {
        "count": 1,
        "mean": 0.004342279999400489,
        "p50": 0.004342279999400489,
        "p90": 0.004342279999400489,
        "p99": 0.004342279999400489,
        "min": 0.004342279999400489,
        "max": 0.004342279999400489
      },
      "span_creation": {
        "count": 1,
        "mean": 0.30484850000357255,
        "p50": 0.30484850000357255,
        "p90": 0.30484850000357255,
        "p99": 0.30484850000357255,
        "min": 0.30484850000357255,
        "max": 0.30484850000357255
      },
      "parallel_span_creation": {
        "count": 1,
        "mean": 1.2750140750504215,
        "p50": 1.2750140750504215,
        "p90": 1.2750140750504215,
        "p99": 1.2750140750504215,
        "min": 1.2750140750504215,
        "max": 1.2750140750504215
      }
    },
    "counters": {
      "uuid_generation_total": 10000,
      "json_serialization_total": 10000,
      "context_var_access_total": 10000,
      "context_switch_total": 10000,
      "span_creation_total": 1000,
      "parallel_spans_total": 4000
    }
  },
  "timestamp": 1782295077.3555923
}